,Model,Accuracy (test set),Training time (sec),Precision,Recall,F1 score,F2 score,ROC-AUC score
0,Random Forest,0.9766816143497757,17.01,0.9929577464788732,0.8493975903614458,0.9155844155844155,0.8746898263027295,0.9241719247908388
1,MultinomialNB,0.9623318385650225,0.09,0.9920634920634921,0.7530120481927711,0.8561643835616438,0.7911392405063292,0.8759791537065015
