,Model,Accuracy (test set),Training time (sec),Precision,Recall,F1 score,F2 score,ROC-AUC score
0,Random Forest,0.9775784753363229,19.73,0.993006993006993,0.8554216867469879,0.9190938511326862,0.8798017348203221,0.9271839729836099
1,MultinomialNB,0.9650224215246637,0.1,1.0,0.7650602409638554,0.8668941979522184,0.8027812895069532,0.8825301204819277
