Model,Accuracy (test set),Accuracy (test set),Training time (sec),Training time (sec),Precision,Precision,Recall,Recall,F1 score,F1 score,F2 score,F2 score,ROC-AUC score,ROC-AUC score
,TFIDF using Stemming,TFIDF using Lemma,TFIDF using Stemming,TFIDF using Lemma,TFIDF using Stemming,TFIDF using Lemma,TFIDF using Stemming,TFIDF using Lemma,TFIDF using Stemming,TFIDF using Lemma,TFIDF using Stemming,TFIDF using Lemma,TFIDF using Stemming,TFIDF using Lemma
MultinomialNB,0.9766816143497756,0.9775784753363228,17.01,19.73,0.9929577464788732,0.993006993006993,0.8493975903614458,0.8554216867469879,0.9155844155844156,0.9190938511326862,0.8746898263027295,0.8798017348203221,0.9241719247908388,0.92718397298361
Random Forest,0.9623318385650224,0.9650224215246636,0.09,0.1,0.992063492063492,1.0,0.7530120481927711,0.7650602409638554,0.8561643835616438,0.8668941979522184,0.7911392405063292,0.8027812895069532,0.8759791537065015,0.8825301204819277
