Model,Model,Accuracy (test set),Accuracy (test set),Training time (sec),Training time (sec),Precision,Precision,Recall,Recall,F1 score,F1 score,F2 score,F2 score,ROC-AUC score,ROC-AUC score
TFIDF using Lemma,BOW using Lemma,TFIDF using Lemma,BOW using Lemma,TFIDF using Lemma,BOW using Lemma,TFIDF using Lemma,BOW using Lemma,TFIDF using Lemma,BOW using Lemma,TFIDF using Lemma,BOW using Lemma,TFIDF using Lemma,BOW using Lemma,TFIDF using Lemma,BOW using Lemma
Random Forest,MultinomialNB,0.9775784753363228,0.9838565022421524,19.73,0.28,0.993006993006993,0.9302325581395348,0.8554216867469879,0.963855421686747,0.9190938511326862,0.9467455621301776,0.8798017348203221,0.9569377990430622,0.92718397298361,0.9756052661647644
MultinomialNB,Random Forest,0.9650224215246636,0.9730941704035876,0.1,21.72,1.0,0.9927536231884058,0.7650602409638554,0.8253012048192772,0.8668941979522184,0.9013157894736844,0.8027812895069532,0.8541147132169576,0.8825301204819277,0.9121237320197544
